{
  "meta": {
    "generatedAt": "2025-06-04T22:32:20.425Z",
    "tasksAnalyzed": 1,
    "totalTasks": 8,
    "analysisCount": 1,
    "thresholdScore": 5,
    "projectName": "Task Master",
    "usedResearch": false
  },
  "complexityAnalysis": [
    {
      "taskId": 90,
      "taskTitle": "Implement Task Deletion System",
      "complexityScore": 9,
      "recommendedSubtasks": 10,
      "expansionPrompt": "Given the existing subtasks, identify and add specific subtasks for comprehensive testing (unit, integration, UI, scenario, performance), documentation (API, user guide), and deployment considerations (feature flags, rollback plan) for the Task Deletion System.",
      "reasoning": "This task is highly complex due to the combination of frontend UI/UX, robust backend logic (cascade deletion, dependency cleanup), and the critical 'undo' functionality. It involves multiple system components, data integrity concerns, and a need for extensive testing across various scenarios, including performance for cascade operations. The undo functionality adds significant complexity in terms of state management and background processing."
    }
  ]
}