{
  "meta": {
    "generatedAt": "2025-06-04T16:36:27.014Z",
    "tasksAnalyzed": 5,
    "totalTasks": 9,
    "analysisCount": 31,
    "thresholdScore": 1,
    "projectName": "Task Master",
    "usedResearch": false
  },
  "complexityAnalysis": [
    {
      "taskId": 60,
      "taskTitle": "Initialize React Application with Vite and TypeScript",
      "complexityScore": 3,
      "recommendedSubtasks": 3,
      "expansionPrompt": "Expand on the steps to initialize a React application with Vite and TypeScript, including command execution, project structure setup, and initial configuration files.",
      "reasoning": "This is a straightforward initialization process, largely guided by `npm create vite`. The complexity comes from ensuring correct TypeScript configuration and initial folder structure, which are standard practices."
    },
    {
      "taskId": 61,
      "taskTitle": "Setup shadcn/ui and Tailwind CSS Integration",
      "complexityScore": 4,
      "recommendedSubtasks": 4,
      "expansionPrompt": "Detail the process of integrating shadcn/ui and Tailwind CSS, covering installation of dependencies, configuration of Tailwind, and initialization of shadcn/ui components.",
      "reasoning": "Involves multiple steps: installing Tailwind, PostCSS, Autoprefixer, configuring `tailwind.config.js`, and then initializing shadcn/ui. Each step has potential for minor configuration issues, but overall it's well-documented."
    },
    {
      "taskId": 62,
      "taskTitle": "Create Express.js API Server with Basic Routing",
      "complexityScore": 3,
      "recommendedSubtasks": 3,
      "expansionPrompt": "Outline the steps to create a basic Express.js API server, including project initialization, dependency installation, server file creation, and basic route and CORS setup.",
      "reasoning": "Standard Express.js setup. Involves installing `express` and `cors`, creating a server file, and defining a simple route. Very common and well-understood pattern."
    },
    {
      "taskId": 63,
      "taskTitle": "Integrate TaskMaster Core Functions with API",
      "complexityScore": 5,
      "recommendedSubtasks": 4,
      "expansionPrompt": "Describe the integration of TaskMaster core functions into the Express.js API, focusing on identifying relevant functions, creating a wrapper module, and handling data serialization/deserialization.",
      "reasoning": "This task requires understanding the existing TaskMaster core, deciding how to expose its functions within the Express context, and handling data flow (serialization/deserialization) between the API and the core. It's not just boilerplate."
    },
    {
      "taskId": 64,
      "taskTitle": "Implement Basic Task Data Retrieval API Endpoints",
      "complexityScore": 6,
      "recommendedSubtasks": 3,
      "expansionPrompt": "Consider adding subtasks for detailed error handling, performance optimization, and security measures.",
      "reasoning": "The task involves creating API endpoints with error handling and ensuring data structure compatibility, which requires moderate complexity."
    },
    {
      "taskId": 65,
      "taskTitle": "Setup Development Environment with Hot Reload and Build Scripts",
      "complexityScore": 7,
      "recommendedSubtasks": 4,
      "expansionPrompt": "Include subtasks for configuring environment variables, setting up debugging tools, and testing hot reload functionality.",
      "reasoning": "Setting up a development environment with hot reload and build scripts involves multiple components and configurations, increasing complexity."
    },
    {
      "taskId": 66,
      "taskTitle": "Create Responsive Three-Column Kanban Board Layout",
      "complexityScore": 5,
      "recommendedSubtasks": 3,
      "expansionPrompt": "Add subtasks for implementing accessibility features and testing across different browsers.",
      "reasoning": "Creating a responsive layout with Tailwind CSS is straightforward but requires attention to detail for responsiveness."
    },
    {
      "taskId": 67,
      "taskTitle": "Implement TaskCard Component with Metadata Display",
      "complexityScore": 4,
      "recommendedSubtasks": 2,
      "expansionPrompt": "Consider adding subtasks for styling consistency and testing with various data sets.",
      "reasoning": "Implementing a component to display metadata is relatively simple but requires attention to UI details."
    },
    {
      "taskId": 68,
      "taskTitle": "Setup @dnd-kit Library with Drag-and-Drop Context",
      "complexityScore": 6,
      "recommendedSubtasks": 3,
      "expansionPrompt": "Include subtasks for configuring sensors, collision detection, and testing drag-and-drop interactions.",
      "reasoning": "Setting up a drag-and-drop library involves configuring multiple components and ensuring smooth interactions."
    },
    {
      "taskId": 69,
      "taskTitle": "Implement Drag-and-Drop Functionality Between Status Columns",
      "complexityScore": 8,
      "recommendedSubtasks": 4,
      "expansionPrompt": "Add subtasks for state management, testing edge cases, and ensuring data integrity during drag-and-drop.",
      "reasoning": "Implementing drag-and-drop functionality with state updates and error handling is complex and requires thorough testing."
    },
    {
      "taskId": 70,
      "taskTitle": "Create Task Status Update API Endpoints",
      "complexityScore": 7,
      "recommendedSubtasks": 3,
      "expansionPrompt": "Consider adding subtasks for validation logic, error handling, and testing with various scenarios.",
      "reasoning": "Creating API endpoints with validation and error handling involves moderate complexity, especially with status updates."
    },
    {
      "taskId": 71,
      "taskTitle": "Integrate Frontend Drag-and-Drop with Backend API Calls",
      "complexityScore": 8,
      "recommendedSubtasks": 5,
      "expansionPrompt": "Include subtasks for implementing optimistic UI updates, error handling, and testing API integration.",
      "reasoning": "Integrating frontend actions with backend API calls requires handling asynchronous operations and potential errors."
    },
    {
      "taskId": 72,
      "taskTitle": "Add Visual Feedback for Drag Operations",
      "complexityScore": 5,
      "recommendedSubtasks": 3,
      "expansionPrompt": "Add subtasks for designing visual cues, testing user interactions, and ensuring accessibility.",
      "reasoning": "Providing visual feedback for drag operations is straightforward but requires attention to user experience details."
    },
    {
      "taskId": 73,
      "taskTitle": "Implement Dependency Validation for Task Status Changes",
      "complexityScore": 9,
      "recommendedSubtasks": 6,
      "expansionPrompt": "Include subtasks for developing validation logic, testing complex scenarios, and providing user feedback.",
      "reasoning": "Implementing dependency validation involves complex logic and ensuring data integrity across multiple components."
    },
    {
      "taskId": 74,
      "taskTitle": "Create Task Detail Modal Component",
      "complexityScore": 6,
      "recommendedSubtasks": 3,
      "expansionPrompt": "Consider adding subtasks for responsive design, accessibility features, and testing modal interactions.",
      "reasoning": "Creating a modal component involves UI design and state management, which requires moderate complexity."
    },
    {
      "taskId": 75,
      "taskTitle": "Implement Task Metadata Display in Modal",
      "complexityScore": 5,
      "recommendedSubtasks": 3,
      "expansionPrompt": "Add subtasks for data binding, validation, and testing with various task data.",
      "reasoning": "Displaying metadata in a modal is straightforward but requires attention to data binding and validation."
    },
    {
      "taskId": 76,
      "taskTitle": "Integrate Tiptap Rich Text Editor for Task Details and Description",
      "complexityScore": 7,
      "recommendedSubtasks": 4,
      "expansionPrompt": "Include subtasks for configuring editor extensions, testing content serialization, and ensuring responsive design.",
      "reasoning": "Integrating a rich text editor involves configuring extensions and ensuring compatibility with existing components."
    },
    {
      "taskId": 77,
      "taskTitle": "Create Task Update API Endpoints",
      "complexityScore": 7,
      "recommendedSubtasks": 3,
      "expansionPrompt": "Consider adding subtasks for validation, error handling, and testing with various update scenarios.",
      "reasoning": "Creating API endpoints for task updates involves handling multiple data fields and ensuring robust validation."
    },
    {
      "taskId": 78,
      "taskTitle": "Implement Form Validation and Error Handling for Task Updates",
      "complexityScore": 6,
      "recommendedSubtasks": 4,
      "expansionPrompt": "Add subtasks for developing validation schemas, testing error handling, and providing user feedback.",
      "reasoning": "Implementing form validation and error handling requires attention to detail and ensuring a smooth user experience."
    },
    {
      "taskId": 79,
      "taskTitle": "Add Save/Cancel Functionality with Optimistic UI Updates",
      "complexityScore": 7,
      "recommendedSubtasks": 5,
      "expansionPrompt": "Include subtasks for managing form state, implementing optimistic updates, and testing save/cancel interactions.",
      "reasoning": "Adding save/cancel functionality with optimistic updates involves managing state and handling potential errors."
    },
    {
      "taskId": 80,
      "taskTitle": "Implement Responsive Design for Mobile and Tablet Devices",
      "complexityScore": 6,
      "recommendedSubtasks": 4,
      "expansionPrompt": "Add subtasks for testing across devices, optimizing touch interactions, and ensuring accessibility.",
      "reasoning": "Implementing responsive design requires adapting layouts and interactions for various screen sizes and devices."
    },
    {
      "taskId": 81,
      "taskTitle": "Add Loading States, Error Boundaries, and User Feedback Systems",
      "complexityScore": 7,
      "recommendedSubtasks": 4,
      "expansionPrompt": "Include subtasks for developing loading components, integrating error boundaries, and testing user feedback systems.",
      "reasoning": "Adding loading states and error handling involves multiple components and ensuring a seamless user experience."
    },
    {
      "taskId": 82,
      "taskTitle": "Optimize Build Process and Create Production Deployment Scripts",
      "complexityScore": 8,
      "recommendedSubtasks": 3,
      "expansionPrompt": "Consider adding subtasks for configuring build optimizations, setting up environment variables, and testing deployment scripts.",
      "reasoning": "Optimizing the build process and creating deployment scripts involves multiple configurations and ensuring production readiness."
    },
    {
      "taskId": 83,
      "taskTitle": "Create Comprehensive Documentation and Setup Instructions",
      "complexityScore": 5,
      "recommendedSubtasks": 3,
      "expansionPrompt": "Add subtasks for writing setup instructions, API documentation, and user guides.",
      "reasoning": "Creating comprehensive documentation requires organizing information clearly and ensuring accuracy for new users."
    },
    {
      "taskId": 84,
      "taskTitle": "Enhance TaskMaster API with Advanced Error Handling and Monitoring",
      "complexityScore": 9,
      "recommendedSubtasks": 5,
      "expansionPrompt": "Include subtasks for implementing error handling, setting up logging and monitoring, and testing recovery strategies.",
      "reasoning": "Enhancing API error handling and monitoring involves complex configurations and ensuring robust system performance."
    },
    {
      "taskId": 85,
      "taskTitle": "Convert MCP Direct Functions to REST API Endpoints",
      "complexityScore": 8,
      "recommendedSubtasks": 4,
      "expansionPrompt": "Consider adding subtasks for designing API endpoints, implementing authentication, and documenting the API.",
      "reasoning": "Converting functions to REST API endpoints involves designing interfaces, handling data validation, and ensuring security."
    },
    {
      "taskId": 87,
      "taskTitle": "Develop Reusable Frontend Form Components",
      "complexityScore": 9,
      "recommendedSubtasks": 8,
      "expansionPrompt": "Break down the development of reusable React form components into individual component development tasks, focusing on API design, integration with validation libraries, accessibility, and comprehensive documentation for each.",
      "reasoning": "This task involves designing and implementing a library of generic, reusable components, which requires careful consideration of API design, configurability, integration with multiple external libraries (shadcn/ui, Zod, React Hook Form), accessibility, and extensive documentation (Storybook). Each component itself can be a subtask, and the overall architecture and integration add significant complexity."
    },
    {
      "taskId": 88,
      "taskTitle": "Implement Task Creation Modal (MVP)",
      "complexityScore": 6,
      "recommendedSubtasks": 5,
      "expansionPrompt": "Detail the implementation steps for the TaskCreateModal, including UI assembly using reusable components, client-side validation setup, API integration for task creation, and user feedback mechanisms.",
      "reasoning": "This task builds upon the reusable components (Task 87) which simplifies some aspects. However, it still requires integrating multiple components into a functional form, implementing client-side validation, connecting to a backend API, and handling success/error states. The MVP scope keeps it from being extremely complex, but it's more than trivial."
    },
    {
      "taskId": 89,
      "taskTitle": "Implement Task Editing Interface (MVP)",
      "complexityScore": 7,
      "recommendedSubtasks": 6,
      "expansionPrompt": "Outline the development process for the TaskEditModal, covering pre-population of form fields, dynamic data loading based on task ID, integration with PUT/PATCH API endpoints, real-time validation, and robust error handling.",
      "reasoning": "Similar to task creation, but adds the complexity of pre-populating data, dynamically loading specific task data, and handling PUT/PATCH requests. The 'click-to-edit' mechanism also adds a layer of UI interaction logic. It leverages reusable components, but the data flow and update logic are more involved."
    },
    {
      "taskId": 90,
      "taskTitle": "Implement Task Deletion System",
      "complexityScore": 8,
      "recommendedSubtasks": 7,
      "expansionPrompt": "Deconstruct the task deletion system into frontend UI development for the confirmation dialog, backend API implementation for cascade deletion and dependency cleanup, and the design and implementation of a time-limited undo functionality.",
      "reasoning": "This task has significant backend complexity due to cascade deletion and dependency cleanup, which requires careful database transaction management and data integrity considerations. The frontend involves a confirmation dialog and potentially a temporary UI for undo. The undo functionality, especially if it involves soft-deletion and background processes, adds another layer of complexity to both frontend and backend."
    },
    {
      "taskId": 91,
      "taskTitle": "Test Enhanced Task Creation",
      "complexityScore": 2,
      "recommendedSubtasks": 1,
      "expansionPrompt": "This task appears to be a placeholder or a test task. If it's meant to be a functional task, please provide more details on what 'Test Enhanced Task Creation' entails beyond just being created with validation.",
      "reasoning": "This task description is very minimal and appears to be a test or placeholder. Without more details, its complexity is low as it doesn't describe any actual development work, only that it was created with validation. If it implies writing tests for enhanced task creation, the complexity would increase, but the current description doesn't support that interpretation."
    }
  ]
}