{
  "prds": [
    {
      "id": "prd_001",
      "title": "prd_kanban_webapp",
      "fileName": "prd_kanban_webapp.md",
      "status": "in-progress",
      "complexity": "medium",
      "createdDate": "2025-06-02T21:47:53.764Z",
      "lastModified": "2025-06-03T11:20:40.315Z",
      "filePath": "C:\\laragon\\www\\taskmaster-ai\\.taskmaster\\prd\\pending\\prd_kanban_webapp.md",
      "fileHash": "5f55f8f58e41c06488c455cfbfcb82240d338b67bf166ec8840cce22ffd0241f",
      "fileSize": 21407,
      "description": "PRD parsed and registered automatically during task generation",
      "tags": [
        "auto-generated",
        "parsed"
      ],
      "linkedTaskIds": [
        60,
        61,
        62,
        63,
        64,
        65,
        66,
        67,
        68,
        69,
        70,
        71,
        72,
        73,
        74,
        75,
        76,
        77,
        78,
        79,
        80,
        81,
        82,
        83
      ],
      "taskStats": {
        "totalTasks": 24,
        "completedTasks": 0,
        "pendingTasks": 19,
        "inProgressTasks": 5,
        "blockedTasks": 0,
        "deferredTasks": 0,
        "cancelledTasks": 0,
        "completionPercentage": 0
      },
      "estimatedEffort": "2-4 hours",
      "priority": "medium"
    },
    {
      "id": "prd_002",
      "title": "prd_002_taskhero_ui_rebrand",
      "fileName": "prd_002_taskhero_ui_rebrand.md",
      "status": "done",
      "complexity": "medium",
      "createdDate": "2025-06-03T05:22:21.586Z",
      "lastModified": "2025-06-03T11:20:40.344Z",
      "filePath": "C:\\laragon\\www\\taskmaster-ai\\.taskmaster\\prd\\pending\\prd_002_taskhero_ui_rebrand.md",
      "fileHash": "c9d8b1ae37bb6c9a88782908c6fa20534f40b720208dabaa0c49917172bd3491",
      "fileSize": 9456,
      "description": "PRD parsed and registered automatically during task generation",
      "tags": [
        "auto-generated",
        "parsed"
      ],
      "linkedTaskIds": [
        84,
        85,
        86,
        87,
        88,
        89,
        90,
        91,
        92,
        93
      ],
      "taskStats": {
        "totalTasks": 10,
        "completedTasks": 10,
        "pendingTasks": 0,
        "inProgressTasks": 0,
        "blockedTasks": 0,
        "deferredTasks": 0,
        "cancelledTasks": 0,
        "completionPercentage": 100
      },
      "estimatedEffort": "2-4 hours",
      "priority": "medium"
    }
  ],
  "metadata": {
    "version": "1.0.0",
    "lastUpdated": "2025-06-03T11:20:40.344Z",
    "totalPrds": 2,
    "schema": {
      "version": "1.0.0",
      "description": "TaskMaster AI PRD Lifecycle Tracking Schema"
    }
  }
}