{
  "tasks": [
    {
      "id": 59,
      "title": "Integrate v0.16.0 upstream changes selectively",
      "description": "fix 1 Integrate bug fixes and improvements from upstream v0.16.0 release while preserving unique custom features including: Kanban board functionality, PRD lifecycle tracking, interactive menu systems, custom AI editor integrations (.augment-guidelines, .cursor/rules, .roo/rules, .windsurfrules), custom task templates and workflow, and enhanced project management features. Focus on: 1) New directory structure (.taskmaster/ consolidation), 2) AWS Bedrock support, 3) Google Vertex AI support, 4) Azure support, 5) Node.js version requirement update, 6) TASK_MASTER_PROJECT_ROOT env variable, 7) Bug fixes for max_tokens and add-task MCP command. Create integration branch dev_rohit for selective merging.",
      "status": "done",
      "dependencies": [
        "84"
      ],
      "priority": "high",
      "details": "testI editor integrations (.augment-guidelines, .cursor/rules, .roo/rules, .windsurfrules), custom task templates and workflow, and enhanced project management features. Focus on: 1) New directory structure (.taskmaster/ consolidation), 2) AWS Bedrock support, 3) Google Vertex AI support, 4) Azure support, 5) Node.js version requirement update, 6) TASK_MASTER_PROJECT_ROOT env variable, 7) Bug fixes for max_tokens and add-task MCP command. Create integration branch dev_rohit for selective merging.",
      "testStrategy": "test stractery",
      "subtasks": [
        {
          "id": "59.6",
          "title": "rohit",
          "completed": false,
          "prdSource": null
        }
      ],
      "prdSource": null,
      "assignee": "rohit",
      "dueDate": "2025-06-06",
      "updatedAt": "2025-06-05T16:27:54.465Z",
      "estimatedHours": 3,
      "complexityScore": 9,
      "complexityLevel": "high"
    },
    {
      "id": 84,
      "title": "Enhance TaskMaster API with Advanced Error Handling and Monitoring",
      "description": "Implement comprehensive error handling mechanisms and logging/monitoring systems for the TaskMaster API core function integration.",
      "details": "1. Review the existing integration of TaskMaster core functions within the Express.js API (Task 63) to identify all critical integration points.\n2. Implement robust error handling at each integration point, ensuring that all potential exceptions are caught and handled gracefully.\n3. Develop a centralized logging system using a library such as Winston or Bunyan to capture detailed logs of API requests, errors, and performance metrics.\n4. Integrate a monitoring tool like Prometheus or New Relic to track API performance and usage metrics.\n5. Design and implement error recovery strategies, such as retry mechanisms or fallback responses, to ensure graceful degradation in case of failures.\n6. Ensure that all logs and metrics are stored securely and can be accessed for analysis and debugging purposes.",
      "testStrategy": "1. Conduct unit tests to verify that error handling mechanisms correctly catch and handle exceptions at all integration points.\n2. Perform integration tests to ensure that the logging system captures accurate and detailed logs of API activity and errors.\n3. Use load testing tools to simulate high traffic and verify that the monitoring system accurately tracks performance metrics.\n4. Test error recovery strategies by simulating failures and ensuring that the API responds with appropriate fallback mechanisms.\n5. Review logs and monitoring data to ensure they provide sufficient detail for debugging and performance analysis.",
      "status": "done",
      "dependencies": [],
      "priority": "medium",
      "subtasks": [],
      "prdSource": null
    },
    {
      "id": 85,
      "title": "Convert MCP Direct Functions to REST API Endpoints",
      "description": "Create REST API endpoints for all TaskMaster MCP direct functions to enable web application integration.",
      "status": "done",
      "dependencies": [],
      "priority": "medium",
      "details": "Successfully implemented comprehensive REST API endpoints for all TaskMaster MCP direct functions. Created a complete MCP API routes file at kanban-webapp/server/routes/mcp-api-routes.js with 20+ endpoints covering all major TaskMaster operations including task management, dependency management, subtask operations, validation, and reporting. All endpoints include proper request validation, error handling, response formatting, and integration with the main Express server. The API follows RESTful conventions with appropriate HTTP methods and provides comprehensive coverage of MCP functionality for web application integration. All endpoints have been tested and are working correctly.",
      "testStrategy": "1. Verify that each MCP direct function has a corresponding REST API endpoint.\n2. Test each endpoint using Postman or a similar tool to ensure it handles requests and responses correctly.\n3. Check for proper validation and error handling by sending invalid data and observing the responses.\n4. Ensure that authentication and authorization are enforced where applicable.\n5. Review API documentation for completeness and accuracy, ensuring it matches the implemented endpoints.\n6. Conduct integration tests to ensure seamless interaction between the new API endpoints and the existing TaskMaster core functions.",
      "subtasks": [
        {
          "id": "1",
          "title": "Convert add-dependency.js to REST API Endpoint",
          "completed": false,
          "prdSource": null
        },
        {
          "id": "2",
          "title": "Convert add-subtask.js to REST API Endpoint",
          "completed": true,
          "prdSource": null
        },
        {
          "id": "3",
          "title": "Convert add-task.js to REST API Endpoint",
          "completed": true,
          "prdSource": null
        },
        {
          "id": "4",
          "title": "Convert analyze-task-complexity.js to REST API Endpoint",
          "completed": true,
          "prdSource": null
        },
        {
          "id": "5",
          "title": "Convert clear-subtasks.js to REST API Endpoint",
          "completed": true,
          "prdSource": null
        },
        {
          "id": "6",
          "title": "Convert complexity-report.js to REST API Endpoint",
          "completed": true,
          "prdSource": null
        },
        {
          "id": "7",
          "title": "Convert expand-all-tasks.js to REST API Endpoint",
          "completed": true,
          "prdSource": null
        },
        {
          "id": "8",
          "title": "Convert expand-task.js to REST API Endpoint",
          "completed": true,
          "prdSource": null
        },
        {
          "id": "9",
          "title": "Convert fix-dependencies.js to REST API Endpoint",
          "completed": true,
          "prdSource": null
        },
        {
          "id": "10",
          "title": "Convert generate-task-files.js to REST API Endpoint",
          "completed": true,
          "prdSource": null
        },
        {
          "id": "11",
          "title": "Convert list-tasks.js to REST API Endpoint",
          "completed": true,
          "prdSource": null
        },
        {
          "id": "12",
          "title": "Convert move-task.js to REST API Endpoint",
          "completed": true,
          "prdSource": null
        },
        {
          "id": "13",
          "title": "Convert next-task.js to REST API Endpoint",
          "completed": true,
          "prdSource": null
        },
        {
          "id": "14",
          "title": "Convert remove-dependency.js to REST API Endpoint",
          "completed": true,
          "prdSource": null
        },
        {
          "id": "15",
          "title": "Convert remove-subtask.js to REST API Endpoint",
          "completed": true,
          "prdSource": null
        },
        {
          "id": "16",
          "title": "Convert remove-task.js to REST API Endpoint",
          "completed": true,
          "prdSource": null
        },
        {
          "id": "17",
          "title": "Convert set-task-status.js to REST API Endpoint",
          "completed": true,
          "prdSource": null
        },
        {
          "id": "18",
          "title": "Convert show-task.js to REST API Endpoint",
          "completed": true,
          "prdSource": null
        },
        {
          "id": "19",
          "title": "Convert update-subtask-by-id.js to REST API Endpoint",
          "completed": true,
          "prdSource": null
        },
        {
          "id": "20",
          "title": "Convert update-task-by-id.js to REST API Endpoint",
          "completed": true,
          "prdSource": null
        },
        {
          "id": "21",
          "title": "Convert update-tasks.js to REST API Endpoint",
          "completed": true,
          "prdSource": null
        },
        {
          "id": "22",
          "title": "Convert validate-dependencies.js to REST API Endpoint",
          "completed": true,
          "prdSource": null
        },
        {
          "id": "23",
          "title": "Remove duplicate subtask for add-subtask.js",
          "completed": true,
          "prdSource": null
        }
      ],
      "prdSource": null,
      "updatedAt": "2025-06-05T16:27:40.685Z"
    },
    {
      "id": 86,
      "title": "Backend API Enhancements for Core CRUD",
      "description": "Extend existing /api/v1/tasks endpoints to support full Create, Read, Update, and Delete operations for tasks.",
      "details": "Implement POST /api/v1/tasks for creation, PUT/PATCH /api/v1/tasks/{id} for updates, and DELETE /api/v1/tasks/{id} for deletion. Ensure robust server-side validation middleware for data integrity based on TaskFormData and existing TaskHero business rules. This will involve updating the existing task routing and controller logic to handle the new HTTP methods and their corresponding data payloads. Consider using an ORM or direct database interactions for persistence. Pay close attention to security implications, such as authentication and authorization for these new endpoints. Leverage existing validation utilities or create new ones to enforce data integrity and business rules.",
      "testStrategy": "1. Develop unit tests for each new endpoint (POST, PUT/PATCH, DELETE) to verify correct data handling, validation, and error responses.\n2. Create integration tests to ensure the new CRUD operations interact correctly with the database and other system components.\n3. Manually test each endpoint using tools like Postman or curl, covering success cases, edge cases, and error conditions (e.g., invalid input, unauthorized access, non-existent task IDs).\n4. Verify that server-side validation correctly rejects invalid data and provides informative error messages.\n5. Confirm that task data is consistently and correctly persisted and retrieved after each operation.",
      "status": "done",
      "dependencies": [
        85,
        84
      ],
      "priority": "high",
      "subtasks": [],
      "prdSource": null
    },
    {
      "id": 87,
      "title": "Develop Reusable Frontend Form Components",
      "description": "Create a library of reusable React form components using shadcn/ui for various task properties, focusing on generic, re-usable components that can be composed to build complex forms with client-side validation logic.",
      "details": "Implement shadcn/ui components such as Dialog, Form, Input, Textarea, Select, Button, Checkbox, Popover, Command, Badge, Alert, Toast, Calendar, DatePicker, DropdownMenu, and ContextMenu. Each component should be designed for reusability and configurability, allowing for easy integration into different forms. Incorporate client-side validation using a suitable library (e.g., Zod with React Hook Form) to provide immediate user feedback. Develop a clear component API for each, including props for labels, placeholders, validation rules, and event handlers. Create a storybook or similar documentation for each component demonstrating its usage and variations. Ensure accessibility standards are met for all components.",
      "testStrategy": "Develop comprehensive unit tests for each reusable component to verify its rendering, props handling, and event emissions. Create integration tests to ensure components compose correctly and client-side validation functions as expected. Manually test each component in a sample form to verify UI/UX, responsiveness, and accessibility across different browsers and devices. Verify that validation messages are displayed correctly and prevent form submission when invalid.",
      "status": "done",
      "dependencies": [
        86
      ],
      "priority": "high",
      "subtasks": [
        {
          "id": 1,
          "title": "Setup Project and Core Form Infrastructure",
          "description": "Initialize the React project, integrate shadcn/ui, and set up the core infrastructure for form handling using React Hook Form and Zod for validation. This includes configuring the Form component from shadcn/ui to work seamlessly with React Hook Form.",
          "dependencies": [],
          "details": "1. Create a new React project (e.g., with Vite or Next.js). 2. Install and configure shadcn/ui following its official documentation. 3. Install `react-hook-form` and `zod`. 4. Create a base `Form` component (e.g., `components/ui/form.tsx`) that wraps `shadcn/ui`'s Form and integrates with `react-hook-form`'s `useForm` context. 5. Implement a basic example form to verify the setup.",
          "status": "done",
          "testStrategy": "Create a simple test form with one input field and a submit button. Verify that form submission works and basic Zod validation (e.g., required field) is applied and displayed correctly.",
          "prdSource": null
        },
        {
          "id": 2,
          "title": "Develop Basic Input and Selection Components",
          "description": "Implement reusable `Input`, `Textarea`, `Select`, and `Checkbox` components using shadcn/ui, integrated with React Hook Form and Zod validation. Each component should expose a clear API for labels, placeholders, validation rules, and error messages.",
          "dependencies": [
            1
          ],
          "details": "1. Create `FormField` wrapper components (e.g., `components/form-fields/FormField.tsx`) that handle displaying labels, error messages, and connecting to `react-hook-form`'s `Controller` or `useFormContext`. 2. Develop `Input` (for text, number, email, etc.), `Textarea`, `Select`, and `Checkbox` components. 3. Ensure each component accepts `name`, `label`, `placeholder`, `description`, and `rules` (for Zod schema definition) props. 4. Implement client-side validation feedback using Zod schemas passed via `react-hook-form`.",
          "status": "done",
          "testStrategy": "Create a Storybook entry or a dedicated test page for each component. Test various configurations: with/without label, placeholder, default value, required validation, pattern validation, and error display.",
          "prdSource": null
        },
        {
          "id": 3,
          "title": "Implement Date Picker and Advanced Selection Components",
          "description": "Develop reusable `DatePicker` (using `Calendar` and `Popover`), `DropdownMenu`, and `Command` (for search/select) components, integrated with React Hook Form and Zod validation.",
          "dependencies": [
            1,
            2
          ],
          "details": "1. Create a `DatePicker` component that combines `shadcn/ui`'s `Calendar` and `Popover` components, allowing date selection. Integrate it with `react-hook-form`. 2. Develop a reusable `DropdownMenu` component that can be used for various selection or action scenarios within forms. 3. Implement a `Command` component (e.g., for a searchable select/combobox) that integrates with `react-hook-form` for value selection.",
          "status": "done",
          "testStrategy": "For `DatePicker`, verify date selection, clear functionality, and validation. For `DropdownMenu` and `Command`, test item selection, disabled states, and integration with form submission and validation.",
          "prdSource": null
        },
        {
          "id": 4,
          "title": "Develop Action and Display Components",
          "description": "Implement reusable `Button`, `Badge`, `Alert`, and `Toast` components using shadcn/ui. Focus on their reusability and configurability for various states and purposes within a form context (e.g., submit buttons, status indicators, notifications).",
          "dependencies": [
            1
          ],
          "details": "1. Create a generic `Button` component with props for `variant`, `size`, `loading` state, and `onClick` handlers. 2. Develop a `Badge` component for displaying small, contextual information (e.g., status). 3. Implement an `Alert` component for displaying important messages within the form. 4. Set up a `Toast` notification system for global feedback (e.g., form submission success/failure).",
          "status": "done",
          "testStrategy": "Create Storybook entries for each component, showcasing different variants, sizes, and states. For `Toast`, verify that messages appear and disappear correctly upon form actions (e.g., successful submission).",
          "prdSource": null
        },
        {
          "id": 5,
          "title": "Develop Dialog and Context Menu Components, and Documentation",
          "description": "Implement reusable `Dialog` and `ContextMenu` components using shadcn/ui. Create comprehensive Storybook documentation for all developed components, demonstrating their usage, props, and variations. Ensure accessibility standards are met.",
          "dependencies": [
            1,
            2,
            3,
            4
          ],
          "details": "1. Develop a generic `Dialog` component for modal forms or confirmations, ensuring it can be easily triggered and controlled. 2. Implement a `ContextMenu` component for right-click interactions within forms or data displays. 3. Create a Storybook instance and add detailed stories for all previously developed components (`Input`, `Select`, `DatePicker`, `Button`, `Dialog`, etc.). 4. Document each component's API, usage examples, and accessibility considerations. 5. Conduct a final accessibility audit for all components.",
          "status": "done",
          "testStrategy": "For `Dialog` and `ContextMenu`, verify open/close behavior, keyboard navigation, and focus management. Review Storybook documentation for completeness and accuracy. Perform manual accessibility checks (keyboard navigation, screen reader compatibility) on key components.",
          "prdSource": null
        }
      ],
      "prdSource": null
    },
    {
      "id": 88,
      "title": "Implement Task Creation Modal (MVP)",
      "description": "Develop the TaskCreateModal component, allowing users to create new tasks through a modern modal dialog with essential form fields and basic validation.",
      "details": "Implement the TaskCreateModal component using shadcn/ui Dialog. The modal should include input fields for 'title', 'description', and 'priority' as specified in the PRD's 'Form Section 1: Basic Info'. Utilize the reusable FormComponents developed in Task 87 for these fields. Implement client-side validation for all fields (e.g., title is required, description has a character limit, priority is a valid enum). Integrate the modal with the POST /api/v1/tasks endpoint to create new tasks. Display simple success or error notifications to the user upon submission.",
      "testStrategy": "1. Open the application and navigate to the section where new tasks can be created.\n2. Click the 'Create Task' button to open the TaskCreateModal.\n3. Verify that the modal displays input fields for 'Title', 'Description', and 'Priority'.\n4. Test client-side validation:\n   a. Attempt to submit the form with an empty 'Title' field and verify that an error message is displayed.\n   b. Enter a very long description (exceeding a reasonable character limit) and verify validation prevents submission or truncates the input.\n   c. Enter an invalid priority value (if applicable) and verify validation.\n5. Fill in all fields with valid data and submit the form.\n6. Verify that a success notification is displayed and the modal closes.\n7. Confirm that the newly created task appears in the task list.\n8. Repeat steps 5-7, but intentionally cause a server-side error (e.g., by temporarily disabling the backend endpoint or sending malformed data) and verify that an error notification is displayed.",
      "status": "done",
      "dependencies": [
        87,
        86
      ],
      "priority": "high",
      "subtasks": [],
      "prdSource": null
    },
    {
      "id": 89,
      "title": "Implement Task Editing Interface (MVP)",
      "description": "Develop the TaskEditModal and enable in-place editing capabilities for task cards, allowing users to modify existing tasks.",
      "status": "done",
      "dependencies": [
        87,
        86
      ],
      "priority": "high",
      "details": "Implement the TaskEditModal using shadcn/ui and reusable FormComponents. Pre-populate form fields with existing task data. Integrate with PUT/PATCH /api/v1/tasks/{id} endpoint for saving changes. Enable a click-to-edit mechanism on task cards to open the modal. Implement real-time validation and save functionality. The modal should dynamically load task data based on the clicked task card's ID. Ensure proper error handling and user feedback during save operations.",
      "testStrategy": "1. Verify that clicking on a task card opens the TaskEditModal.\n2. Confirm that the modal's form fields are pre-populated with the correct data of the selected task.\n3. Test updating various fields (e.g., title, description, priority) and saving the changes.\n4. Verify that the updated information is reflected on the task card and persists after page refresh.\n5. Test validation rules (e.g., required fields, character limits) and ensure appropriate error messages are displayed.\n6. Attempt to save with invalid data and confirm that the changes are not applied.\n7. Verify that the modal closes correctly after a successful save or cancellation.\n8. Check console for any errors during the editing and saving process.",
      "subtasks": [],
      "prdSource": null
    },
    {
      "id": 90,
      "title": "Implement Task Deletion System",
      "description": "Develop a robust task deletion system, including a confirmation dialog, cascade deletion for subtasks, and dependency cleanup, with a basic undo functionality.",
      "status": "done",
      "dependencies": [
        "87",
        "86",
        "84"
      ],
      "priority": "medium",
      "details": "Implement the TaskDeleteDialog using shadcn/ui Dialog. This dialog should include a confirmation step before deletion and a warning for cascade operations. Integrate the frontend with the DELETE /api/v1/tasks/{id} endpoint. On the backend, implement the logic for cascade deletion of subtasks and cleanup of dependencies when a task is removed. Consider a time-limited recovery/undo functionality for accidental deletions, potentially by soft-deleting tasks and having a background process for permanent deletion.",
      "testStrategy": "1. **Unit Tests:** Write unit tests for the backend cascade deletion logic and dependency cleanup. 2. **Integration Tests:** Test the integration between the frontend dialog and the backend API endpoint. 3. **UI Tests:** Verify the display and functionality of the confirmation dialog and cascade warning. 4. **Scenario Testing:** a. Delete a task with no subtasks or dependencies. b. Delete a task with subtasks, verifying cascade deletion. c. Delete a task with dependencies, verifying dependency cleanup. d. Test the undo functionality within the specified time limit. e. Attempt to delete a task without confirmation to ensure the dialog prevents it. 5. **Performance Testing:** Assess the performance of cascade deletions for tasks with a large number of subtasks/dependencies.",
      "subtasks": [],
      "prdSource": null,
      "complexityScore": 9,
      "complexityLevel": "high",
      "updatedAt": "2025-06-05T21:51:28.411Z",
      "tags": []
    },
    {
      "id": 92,
      "title": "Simplify PRD Kanban Folder Structure",
      "description": "Refactor the PRD Kanban folder structure to improve organization and maintainability. presently we have pending, in-progress and done folders for PRDs .. i would like to simplify this similar to tasks. the status of the PRD files can be managed in the prd.json file. for archiving we will have a the folder and instead of taking files from /prd/done folder it will take from /prd folder.",
      "details": "The current PRD Kanban folder structure needs simplification. This task involves reorganizing the folders and files related to PRDs within the Kanban system to enhance clarity, reduce redundancy, and streamline navigation. Consider grouping files by feature or module rather than by type, and ensure naming conventions are consistent. This might involve updating import paths in existing components that interact with PRD files. The goal is a more intuitive and scalable structure.",
      "testStrategy": "1. Verify that all existing PRD functionalities (creation, editing, viewing, deletion) still work correctly after the refactor. 2. Check for any broken file paths or import errors in the application. 3. Ensure that the new folder structure is logical and easy to navigate for new and existing developers. 4. Conduct a thorough code review to confirm adherence to new naming conventions and organizational principles.",
      "status": "in-progress",
      "dependencies": [],
      "priority": "medium",
      "subtasks": [
        {
          "id": 1,
          "title": "Analyze Current PRD Folder Structure and Define New Schema",
          "description": "Thoroughly analyze the existing 'pending', 'in-progress', and 'done' PRD folders. Document the current file organization, naming conventions, and any dependencies. Based on the requirement to manage status in `prd.json` and simplify to a single `/prd` folder with an `/archive` folder, define the new logical folder structure and the schema for `prd.json` to include PRD status and potentially other metadata.",
          "dependencies": [],
          "details": "1. Map out all files and their current locations within `/prd/pending`, `/prd/in-progress`, and `/prd/done`. 2. Identify how PRD status is currently inferred (e.g., by folder location). 3. Propose the new `/prd` and `/prd/archive` folder structure. 4. Design the `prd.json` schema to store PRD metadata, including a 'status' field (e.g., 'pending', 'in-progress', 'done') and a 'filePath' field relative to the new `/prd` root. 5. Consider any other relevant metadata for `prd.json` (e.g., title, description, last_updated).\n<info added on 2025-06-05T22:01:59.510Z>\nANALYSIS COMPLETE: Current PRD folder structure analyzed. Found: 1) Status-based directories: pending/, in-progress/, done/, archived/ 2) prds.json metadata with comprehensive schema 3) File movement system via prd-file-movement.js 4) Status management via CLI commands. Proposed new schema: Single /prd folder with status managed in prds.json, /archive for completed PRDs. Schema includes status field, filePath relative to /prd root, plus existing metadata (title, description, priority, complexity, linkedTasks, etc.). Ready to proceed with migration design.\n</info added on 2025-06-05T22:01:59.510Z>",
          "status": "done",
          "testStrategy": "Review the documented current state and proposed new schema with stakeholders to ensure all requirements are captured and the new design is logical and comprehensive.",
          "prdSource": null
        },
        {
          "id": 2,
          "title": "Migrate PRD Files and Update prd.json",
          "description": "Execute the physical migration of PRD files from the old 'pending', 'in-progress', and 'done' folders into the new unified `/prd` folder. Simultaneously, create or update the `prd.json` file to reflect the new file paths and assign initial statuses based on their previous folder location.",
          "dependencies": [
            1
          ],
          "details": "1. Create the new `/prd` and `/prd/archive` directories. 2. Move all files from `/prd/pending`, `/prd/in-progress`, and `/prd/done` into the new `/prd` directory. 3. For each moved file, create an entry in `prd.json` with its new relative path (e.g., `'/prd/my-prd.md'`) and assign its initial status (e.g., 'pending' if it came from `/prd/pending`). 4. Ensure `prd.json` is a valid JSON array of objects, each conforming to the schema defined in subtask 1. 5. Remove the old 'pending', 'in-progress', and 'done' folders after successful migration.\n<info added on 2025-06-05T22:07:59.863Z>\nMIGRATION COMPLETED: Successfully migrated PRD files from status-based folders to simplified structure. Moved 2 PRD files (prd_002_taskhero_ui_rebrand.md from done/, prd_kanban_crud_implementation.md from pending/) to /prd root. Updated prds.json to v2.0.0 with new schema including status metadata, filePath relative to /prd root, enhanced metadata fields. Created /archive directory. Removed old status directories (pending/, in-progress/, done/). Migration preserves existing archived/ folder. New structure: status managed in metadata, files in single directory, cleaner organization.\n</info added on 2025-06-05T22:07:59.863Z>\n<info added on 2025-06-05T22:08:18.308Z>\nMIGRATION COMPLETED: Successfully migrated PRD files from status-based folders to simplified structure. Moved 2 PRD files (prd_002_taskhero_ui_rebrand.md from done/, prd_kanban_crud_implementation.md from pending/) to /prd root. Updated prds.json to v2.0.0 with new schema including status metadata, filePath relative to /prd root, enhanced metadata fields. Created /archive directory. Removed old status directories (pending/, in-progress/, done/). Migration preserves existing archived/ folder. New structure: status managed in metadata, files in single directory, cleaner organization.\n</info added on 2025-06-05T22:08:18.308Z>",
          "status": "done",
          "testStrategy": "Verify that all PRD files are present in the new `/prd` folder. Validate the `prd.json` file for correct structure, accurate file paths, and appropriate initial statuses for all PRDs. Check that old folders are removed.",
          "prdSource": null
        },
        {
          "id": 3,
          "title": "Update Code References to PRD Files and Status Logic",
          "description": "Modify all application code that previously interacted with the old PRD folder structure (e.g., reading files from `/prd/done`) or inferred PRD status from folder location. Update these parts of the codebase to read PRD information and status directly from the `prd.json` file and access PRD files from the new unified `/prd` folder.",
          "dependencies": [
            2
          ],
          "details": "1. Identify all components, scripts, or modules that interact with PRD files or their status. 2. Update file paths to point to the new `/prd` directory. 3. Refactor logic that determined PRD status based on folder to instead read the 'status' field from the corresponding entry in `prd.json`. 4. Implement or update functions to read, parse, and query `prd.json` for PRD data. 5. Ensure any 'archive' functionality now moves files from `/prd` to `/prd/archive` and updates `prd.json` accordingly.\n<info added on 2025-06-05T22:17:47.073Z>\nCODE UPDATES COMPLETED: Updated all PRD code references for simplified structure. Modified getPRDStatusDirectory() to return main /prd for active PRDs, /prd/archive for archived. Updated file movement logic for metadata-only status changes. Fixed file path resolution in prd-commands.js. Updated archiving to use new structure. Tested successfully - PRD status changes work without file movement, files stay in single directory.\n</info added on 2025-06-05T22:17:47.073Z>",
          "status": "done",
          "testStrategy": "Perform unit tests on affected components to ensure they correctly read PRD data from `prd.json` and access files from the new `/prd` path. Verify that status updates are reflected correctly in `prd.json`.",
          "prdSource": null
        },
        {
          "id": 4,
          "title": "Implement PRD Status Management UI/API",
          "description": "Develop or update the user interface (UI) and/or API endpoints that allow users to change the status of a PRD. This involves updating the 'status' field in the `prd.json` file based on user actions.",
          "dependencies": [
            3
          ],
          "details": "1. Identify the UI components or API endpoints responsible for changing PRD status. 2. Modify these components/endpoints to interact with `prd.json`. 3. Implement logic to find the specific PRD entry in `prd.json` by its file path or ID, update its 'status' field, and then save the modified `prd.json` back to disk. 4. Ensure proper error handling and validation for status updates. 5. If applicable, update the UI to reflect the new status immediately after an update.\n<info added on 2025-06-05T22:20:57.692Z>\nPRD STATUS MANAGEMENT UI/API COMPLETED: 1) CLI commands working perfectly (tested prd-status command successfully) 2) PRD Kanban board has complete status management UI with drag-and-drop 3) Interactive menu has PRD status management functionality 4) Added new REST API endpoints: GET /api/v1/prds, GET /api/v1/prds/:id, PATCH /api/v1/prds/:id/status, PUT /api/v1/prds/:id 5) Updated API documentation. All UI/API interfaces for PRD status management are now implemented and functional.\n</info added on 2025-06-05T22:20:57.692Z>",
          "status": "done",
          "testStrategy": "Manually test the UI/API for changing PRD status. Verify that selecting a new status for a PRD correctly updates the 'status' field in `prd.json` and that the change is reflected in the application's display.",
          "prdSource": null
        },
        {
          "id": 5,
          "title": "Comprehensive End-to-End Testing and Documentation Update",
          "description": "Conduct comprehensive end-to-end testing of the entire PRD Kanban system to ensure all functionalities work as expected with the new folder structure and `prd.json` based status management. Update all relevant documentation, including developer guides and user manuals, to reflect the changes.",
          "dependencies": [
            4
          ],
          "details": "1. Test PRD creation, viewing, editing, and status changes. 2. Verify that archiving PRDs correctly moves files to `/prd/archive` and updates `prd.json`. 3. Check any search, filtering, or display functionalities related to PRDs. 4. Ensure performance is not negatively impacted. 5. Update READMEs, architectural diagrams, and any user-facing documentation to describe the new PRD folder structure and `prd.json` usage. 6. Conduct a final review of the entire codebase for any missed references to the old structure.",
          "status": "in-progress",
          "testStrategy": "Execute a full suite of integration and system tests covering all PRD-related workflows. Perform user acceptance testing (UAT) with key stakeholders. Review all updated documentation for accuracy and completeness.",
          "prdSource": null
        }
      ],
      "prdSource": null,
      "updatedAt": "2025-06-05T21:53:11.871Z",
      "complexityScore": 7,
      "complexityLevel": "medium",
      "tags": []
    }
  ],
  "meta": {
    "updatedAt": "2025-06-05T15:36:12.141Z"
  }
}