{
  "prds": [
    {
      "id": "prd_004",
      "title": "TaskHero Kanban CRUD Implementation",
      "fileName": "prd_kanban_crud_implementation.md",
      "status": "pending",
      "complexity": "high",
      "createdDate": "2025-06-04T00:00:00.000Z",
      "lastModified": "2025-06-05T22:33:30.593Z",
      "filePath": "prd_kanban_crud_implementation.md",
      "fileHash": "a1b2c3d4e5f6789012345678901234567890abcdef1234567890abcdef123456",
      "fileSize": 23000,
      "description": "Implement comprehensive CRUD operations for TaskHero Kanban Board",
      "tags": [
        "kanban",
        "crud",
        "web-interface",
        "migrated"
      ],
      "linkedTaskIds": [],
      "taskStats": {
        "totalTasks": 0,
        "completedTasks": 0,
        "pendingTasks": 0,
        "inProgressTasks": 0,
        "blockedTasks": 0,
        "deferredTasks": 0,
        "cancelledTasks": 0,
        "completionPercentage": 0
      },
      "linkedTasks": [],
      "estimatedEffort": "2 weeks",
      "priority": "high"
    }
  ],
  "metadata": {
    "version": "2.0.0",
    "lastUpdated": "2025-06-05T22:33:30.593Z",
    "totalPrds": 1,
    "schema": {
      "version": "2.0.0",
      "description": "TaskHero AI PRD Simplified Structure Schema"
    }
  }
}