{
  "prds": [],
  "metadata": {
    "version": "1.0.0",
    "lastUpdated": "2025-06-02T15:48:01.642Z",
    "totalPrds": 0,
    "schema": {
      "version": "1.0.0",
      "description": "TaskMaster AI PRD Lifecycle Tracking Schema",
      "fields": {
        "id": "Unique PRD identifier",
        "title": "Human-readable PRD title",
        "fileName": "Original PRD filename",
        "status": "Current PRD status (pending|in-progress|done|archived)",
        "complexity": "PRD complexity level (low|medium|high)",
        "createdDate": "ISO 8601 creation timestamp",
        "lastModified": "ISO 8601 last modification timestamp",
        "filePath": "Current file path relative to project root",
        "fileHash": "SHA256 hash for change detection",
        "fileSize": "File size in bytes",
        "description": "Brief PRD description",
        "tags": "Array of categorization tags",
        "linkedTaskIds": "Array of task IDs generated from this PRD",
        "taskStats": "Task completion statistics",
        "estimatedEffort": "Estimated effort for completion",
        "priority": "PRD priority level (low|medium|high)"
      }
    },
    "statusDirectories": {
      "pending": "prd/pending",
      "in-progress": "prd/in-progress",
      "done": "prd/done",
      "archived": "prd/archived",
      "templates": "prd/templates"
    },
    "automationRules": {
      "statusTransitions": {
        "pending_to_inprogress": "When first linked task changes to 'in-progress'",
        "inprogress_to_done": "When ALL linked tasks reach 'done' status (100% completion)",
        "manual_override": "Allow manual status changes with validation and audit trail",
        "rollback_protection": "Prevent status regression without explicit user confirmation"
      }
    }
  }
}